comp,post_bugs,size,complexity,prior_changes,change_churn,prior_bugs,total,minor,major,ownership,entropy,review_rate,review_churn_rate,voters,minor_voters,major_voters,voter_ownership,self_reviews,too_quick,little_discussion,median_revspeed,mean_revspeed,median_discussion,mean_discussion,minor_wrote_no_major_revd,minor_wrote_no_owner_revd,median_voterscore,mean_voterscore,actors,minor_actors,major_actors,actor_ownership,owner_more_author,median_maxexp,mean_maxexp,median_minexp,mean_minexp,subsystem,DataClass,TraditionBreaker,SchizophrenicClass,GodClass,GodModule,SchizophrenicModule,DataModule,FeatureEnvy,DataClumps,SiblingDuplication,InternalDuplication,ExternalDuplication,MessageChains
CMake,0,4,0.250000019,0,0,0,0,0,0,0,0,0,0,0,0,0,0,0,0,0,0,0,0,0,1,1,0,0,2,0,2,1,1,1,1,0.3,0.3,ITK,0,0,0,0,0,0,0,0,0,0,0,0,0
Examples/DataRepresentation/Image,0,45,0,0,0,0,0,0,0,0,0,0,0,0,0,0,0,0,0,0,0,0,0,0,1,1,0,0,5,0,5,1,1,1,1,0.3,0.3,ITK,0,0,0,0,0,0,0,0,0,0,0,0,0
Examples/Filtering,0,1217,0.009860312,0,0,0,0,0,0,0,0,0,0,0,0,0,0,0,0,0,0,0,0,0,1,1,0,0,5,0,5,1,1,1,1,0.3,0.3,ITK,0,0,0,0,0,0,0,0,0,0,0,0,0
Examples/IO,0,72,0.01388889,1,34,0,1,0,1,1,0,1,1,3,0,3,1,0,0,0,25588.19118,25588.19118,0.029411765,0.029411765,1,1,0,0,6,0,6,1,0,1,1,0.65,0.65,ITK,0,0,0,0,0,0,0,0,0,0,0,0,0
Examples/IO/XML,0,89,0.269662922,1,323,0,1,0,1,1,0,1,1,2,0,2,1,0,0,0,19.72722651,19.72722651,0.000508388,0.000508388,0,0,0,0,3,0,3,1,1,1,1,0.5,0.5,ITK,0,0,0,0,0,0,0,0,0,0,0,0,0
Examples/Registration,0,472,0,1,6,0,1,0,1,1,1,1,1,0,0,0,0,0,0,0,0,0,0,0,1,1,0.5,0.5,5,0,5,1,1,1,1,0.4,0.4,ITK,0,0,0,0,0,0,0,0,0,0,0,0,0
Examples/Segmentation,0,352,0.005681818,0,0,0,0,0,0,0,0,0,0,0,0,0,0,0,0,0,0,0,0,0,1,1,0,0,5,0,5,1,1,1,1,0.3,0.3,ITK,0,0,0,0,0,0,0,0,0,0,0,0,0
Modules/Bridge/VTK/include,0,232,0.323275862,2,4,0,2,0,2,0.5,0.977495977,1,1,3,0,3,1,1,1,1,122.0152672,122.0152672,0.004669074,0.004669074,3,3,0,0,9,0,9,0.571428571,0,0.842105263,0.758055854,0.333333333,0.341733903,ITK,0,0,0,0,0,0,0,0,0,0,0,0,0
Modules/Bridge/VtkGlue/include,0,191,0.141361257,5,109,0,3,0,3,0.4,1,1,1,4,0,4,1,2,2,3,1648.583333,2577.111673,0.291666667,0.271031118,1,1,0,0.114285714,9,0,9,0.75,0,0.75,0.773026316,0.598214286,0.55952381,ITK,1,0,0,0,0,0,0,0,0,0,1,0,0
Modules/Compatibility/Deprecated/include,0,1270,0.212598425,6,609,0,3,0,3,0.666666667,0.98002221,1,1,6,0,6,0.8,3,3,2,58.11658895,157.9293993,0.006952231,0.027324329,0,1,0.083333333,0.166666667,9,0,9,0.636363636,1,0.636363636,0.744628099,0.3125,0.355983994,ITK,7,0,0,1,0,0,0,0,0,1,1,0,0
Modules/Compatibility/V3Compatibility/include,0,571,0.332749562,4,528,1,2,0,2,0.75,0.976915571,1,1,7,0,7,0.75,1,1,1,73.60235319,76.3164029,0.002273387,0.01026305,0,0,0.125,0.291666667,9,0,9,1,1,1,1,0.505084746,0.552199966,ITK,0,0,0,0,0,0,0,0,0,0,0,0,0
Modules/Core/Common/include,15,20522,0.193353474,72,5058,5,15,8,7,0.194444444,0.981256854,1,1,20,10,10,0.618181818,9,4,12,1254.863636,4996.595342,0.0625,0.165673949,14,40,0.180555556,0.135802469,42,30,12,0.590697674,0,0.590697674,0.575426893,0.5,0.446277459,ITK,12,0,0,0,0,0,0,0,0,0,1,0,0
Modules/Core/FiniteDifference/include,0,292,0.215753425,4,63,0,2,0,2,0.75,0.967215511,1,1,7,0,7,0.75,0,2,1,16.7351577,25.69977752,0.000791139,0.001066997,3,3,0,0.194444444,11,0,11,0.6,1,0.75,0.753245614,0.366666667,0.357225622,ITK,0,0,0,0,0,0,0,0,0,0,0,0,0
Modules/Core/GPUCommon/include,0,591,0.148900169,9,1490,1,5,0,5,0.222222222,0.985979677,1,1,7,0,7,0.5,0,2,2,205.0272786,924.771905,0.010989011,0.164591398,0,0,0.111111111,0.138888889,10,0,10,0.5,0,1,0.77,0.45,0.396666667,ITK,3,0,0,0,0,0,0,0,0,0,0,0,0
Modules/Core/GPUFiniteDifference/include,0,184,0.293478261,4,580,1,3,0,3,0.5,0.968392514,1,1,5,0,5,0.5,0,1,2,56.32224449,1156.121392,0.002004008,0.334265049,0,0,0.25,0.3125,5,0,5,0.75,0,0.875,0.875,0.541666667,0.541666667,ITK,0,0,0,0,0,0,0,0,0,0,0,0,0
Modules/Core/ImageAdaptors/include,0,1350,0.204444445,9,216,0,6,0,6,0.333333333,0.989472133,1,1,6,0,6,0.666666667,0,1,1,170.3466552,788.6578747,0.004469774,0.004324549,2,5,0.111111111,0.121212121,17,0,17,0.5,0,0.519230769,0.542587291,0.333333333,0.339959767,ITK,0,0,0,0,0,0,0,0,0,0,0,0,0
Modules/Core/ImageFunction/include,1,2224,0.190647482,12,811,1,7,0,7,0.5,0.98249575,1,1,11,0,11,0.9,2,2,1,119.0857143,909.1431489,0.006024096,0.041750301,3,6,0.083333333,0.214285714,18,4,14,0.583333333,0,0.587015504,0.621176002,0.333333333,0.369317547,ITK,0,0,0,0,0,0,0,0,0,0,0,0,0
Modules/Core/Mesh/include,0,1742,0.180252583,6,71,0,2,0,2,0.666666667,0.975890533,1,1,4,0,4,0.666666667,2,1,1,185.3916614,161.2259674,0.006174707,0.005643629,2,2,0.166666667,0.291666667,10,0,10,0.625,0,0.907894737,0.827352472,0.333333333,0.305434783,ITK,1,0,0,0,0,0,0,0,0,0,0,0,0
Modules/Core/QuadEdgeMesh/include,0,2203,0.206082615,6,403,1,4,0,4,0.5,0.992686672,1,1,6,0,6,0.666666667,1,1,2,373.6907254,572.6581614,0.01914108,0.049993386,3,8,0.166666667,0.15625,15,5,10,0.6,1,0.6,0.671089283,0.45,0.461057912,ITK,0,0,0,0,0,0,0,0,0,0,0,0,0
Modules/Core/SpatialObjects/include,0,2583,0.213704994,6,51,0,5,0,5,0.333333333,0.983100548,1,1,7,0,7,0.8,1,1,1,239.988604,10854.35894,0.005405405,0.070198468,3,4,0.166666667,0.166666667,15,0,15,0.529411765,0,0.590697674,0.645040436,0.352941176,0.344279864,ITK,1,0,0,0,0,0,0,0,1,0,0,0,0
Modules/Core/Transform/include,0,3443,0.146383967,28,2619,2,12,6,6,0.285714286,0.981428724,1,1,13,5,8,0.523809524,5,4,2,302.1943498,952.0394962,0.00976801,0.11851456,3,12,0.214285714,0.179971989,23,8,15,0.610169492,0,0.610169492,0.640798614,0.4,0.425763207,ITK,0,0,0,0,0,0,0,0,0,0,0,0,0
Modules/Filtering/AnisotropicSmoothing/include,0,535,0.192523365,3,29,0,2,0,2,0.666666667,1,1,1,5,0,5,1,0,1,3,103.6666667,2460.384347,0.111111111,0.092856306,2,2,0,0,11,0,11,0.666666667,0,0.666666667,0.708333333,0.5,0.476851852,ITK,0,0,0,0,0,0,0,0,0,0,0,0,0
Modules/Filtering/AntiAlias/include,0,50,0.240000002,1,1,0,1,0,1,1,1,1,1,3,0,3,1,0,1,1,4.04193038,4.04193038,0.000791139,0.000791139,1,1,0,0,8,0,8,0.666666667,1,0.666666667,0.777777778,0.25,0.231653747,ITK,0,0,0,0,0,0,0,0,0,0,0,0,0
Modules/Filtering/BiasCorrection/include,0,498,0.387550201,4,22,0,3,0,3,0.5,0.980591673,1,1,5,0,5,0.75,0,2,2,58.11658895,72.03656418,0.005659407,0.005774741,0,0,0,0.142857143,10,0,10,0.714285714,1,1,0.892051557,0.333333333,0.311779449,ITK,0,0,0,0,0,0,0,0,0,0,0,0,0
Modules/Filtering/BinaryMathematicalMorphology/include,1,576,0.282986111,5,29,0,3,0,3,0.4,0.985673427,1,1,4,0,4,0.666666667,0,1,3,167.8711485,4745.137693,0.008403361,0.1697315,0,2,0.2,0.16,9,0,9,0.5,0,0.5625,0.656798246,0.324561404,0.373781676,ITK,0,0,0,0,0,0,0,0,0,0,0,0,0
Modules/Filtering/Colormap/include,0,578,0.240484429,1,16,0,1,0,1,1,1,1,1,3,0,3,1,0,1,1,4.04193038,4.04193038,0.000791139,0.000791139,3,3,0,0.2,7,0,7,0.6,0,0.6,0.64,0.6,0.506666667,ITK,0,0,0,0,0,0,0,0,0,0,0,0,0
Modules/Filtering/Convolution/include,0,393,0.175572519,5,107,1,5,0,5,0.2,0.982541866,1,1,7,0,7,0.75,0,1,2,301.4421296,908.7732141,0.022727273,0.042811421,0,0,0.2,0.15,12,0,12,0.846153846,0,0.846153846,0.834319527,0.615384615,0.639477356,ITK,0,0,0,0,0,0,0,0,0,0,0,0,0
Modules/Filtering/CurvatureFlow/include,0,262,0.229007634,3,12,0,3,0,3,0.333333333,1,1,1,6,0,6,0.666666667,1,1,2,85.95653942,85.95653942,0.00459725,0.00459725,1,1,0.166666667,0.166666667,8,0,8,0.75,0,0.782894737,0.766447368,0.324561404,0.288167227,ITK,0,0,0,0,0,0,0,0,0,0,0,0,0
Modules/Filtering/Deconvolution/include,0,677,0.180206795,6,1577,0,3,0,3,0.666666667,1,1,1,7,0,7,0.666666667,2,0,1,491.7685509,504.8456432,0.006419427,0.006182995,0,0,0,0,9,0,9,0.75,1,0.75,0.767857143,0.75,0.626785714,ITK,0,0,0,0,0,0,0,0,0,0,0,0,0
Modules/Filtering/Denoising/include,2,422,0.327014218,12,1758,3,4,0,4,0.333333333,0.980416899,1,1,7,0,7,0.5,0,1,0,270.0786164,502.17819,0.009433962,0.022261517,0,0,0.083333333,0.138888889,7,0,7,0.666666667,1,0.666666667,0.740740741,0.666666667,0.496231253,ITK,0,0,0,0,0,0,0,0,0,0,0,0,0
Modules/Filtering/DiffusionTensorImage/include,0,209,0.215311005,2,8,0,2,0,2,0.5,1,1,1,4,0,4,0.5,0,1,2,85.95653942,85.95653942,0.00459725,0.00459725,2,2,0.25,0.25,13,0,13,0.666666667,0,0.708333333,0.733187135,0.324561404,0.363943288,ITK,0,0,0,0,0,0,0,0,0,0,0,0,0
Modules/Filtering/DisplacementField/include,1,1322,0.32677761,26,2619,4,9,3,6,0.384615385,0.983011374,1,1,11,4,7,0.666666667,3,2,3,170.6917864,422.2507848,0.005770187,0.013608603,2,8,0.153846154,0.165934066,19,8,11,0.815789474,0,0.815789474,0.804628961,0.610169492,0.556242777,ITK,0,0,0,0,0,0,0,0,0,0,0,0,0
Modules/Filtering/DistanceMap/include,0,692,0.260115607,7,38,1,4,0,4,0.428571429,0.981980702,1,1,6,0,6,0.6,1,1,2,270.0786164,1666.240729,0.009433962,0.072279152,8,15,0.142857143,0.115646259,15,3,12,0.62962963,1,0.62962963,0.637553245,0.333333333,0.438798285,ITK,0,0,0,0,0,0,0,0,0,0,0,0,0
Modules/Filtering/FastMarching/include,0,1308,0.239296636,7,35,0,4,0,4,0.285714286,0.983692551,1,1,5,0,5,0.5,2,1,2,167.8711485,162.5550036,0.008403361,0.006195575,7,8,0,0.12605042,18,0,18,0.684210526,1,0.684210526,0.6975433,0.529411765,0.461868296,ITK,0,0,0,0,0,0,0,0,0,0,0,0,0
Modules/Filtering/FFT/include,4,645,0.170542636,4,46,1,3,0,3,0.5,1,1,1,4,0,4,0.75,1,1,2,73.03793384,79.49723663,0.005203685,0.013669192,0,6,0.25,0.235294118,13,2,11,0.590909091,0,0.7,0.665938089,0.30075188,0.345619912,ITK,0,0,0,0,0,0,0,0,0,0,0,0,0
Modules/Filtering/GPUAnisotropicSmoothing/include,0,278,0.151079137,2,655,0,2,0,2,0.5,1,1,1,7,0,7,0.5,2,1,2,192.3345245,192.3345245,0.001165986,0.001165986,0,0,0.25,0.25,8,0,8,1,0,1,1,0.666666667,0.666666667,ITK,1,0,0,0,0,0,0,0,0,0,0,0,0
Modules/Filtering/GPUImageFilterBase/include,0,93,0.172043012,2,292,0,2,0,2,0.5,1,1,1,4,0,4,0.5,0,1,1,4.04193038,4.04193038,0.000791139,0.000791139,0,0,0.25,0.25,5,0,5,1,0,1,1,0.666666667,0.666666667,ITK,0,0,0,0,0,0,0,0,0,0,0,0,0
Modules/Filtering/GPUSmoothing/include,0,140,0.142857143,2,311,0,2,0,2,0.5,1,1,1,2,0,2,0.5,0,0,0,56.32224449,56.32224449,0.002004008,0.002004008,0,0,0.25,0.25,3,0,3,1,0,1,1,0.666666667,0.666666667,ITK,1,0,0,0,0,0,0,0,0,0,0,0,0
Modules/Filtering/GPUThresholding/include,0,133,0.165413534,2,233,0,2,0,2,0.5,1,1,1,2,0,2,0.5,0,0,0,56.32224449,56.32224449,0.002004008,0.002004008,0,0,0.25,0.25,3,0,3,1,0,1,1,0.666666667,0.666666667,ITK,1,0,0,0,0,0,0,0,0,0,0,0,0
Modules/Filtering/ImageCompare/include,0,287,0.243902439,2,10,0,1,0,1,1,0.984304288,1,1,4,0,4,1,1,1,1,52.37331838,52.37331838,0.001853296,0.001853296,5,5,0,0,12,0,12,0.5,1,0.708333333,0.703431373,0.25,0.259060078,ITK,0,0,0,0,0,0,0,0,0,0,0,0,0
Modules/Filtering/ImageCompose/include,0,209,0.215311005,4,14,0,3,0,3,0.5,1,1,1,7,0,7,0.75,1,1,2,866.2452103,1818.633088,0.072886297,0.286640933,6,6,0,0.045454545,14,0,14,0.5,0,0.5,0.604166667,0.291666667,0.301410422,ITK,0,0,0,0,0,0,0,0,0,0,0,0,0
Modules/Filtering/ImageFeature/include,2,991,0.336024218,13,327,4,7,0,7,0.230769231,0.973997162,1,1,8,0,8,0.7,1,2,2,224.4109687,7096.310098,0.009433962,0.123918429,3,6,0.153846154,0.109311741,18,6,12,0.5,0,0.581063123,0.59949065,0.333333333,0.33186535,ITK,0,0,0,0,0,0,0,0,0,0,0,0,0
Modules/Filtering/ImageFilterBase/include,0,646,0.191950465,2,16,0,2,0,2,0.5,1,1,1,5,0,5,1,0,1,1,303.1147152,303.1147152,0.12539557,0.12539557,9,9,0,0.076923077,16,6,10,0.4,0,0.408333333,0.539518544,0.341666667,0.298849206,ITK,0,0,0,0,0,0,0,0,0,0,0,0,0
Modules/Filtering/ImageFusion/include,0,516,0.207364341,6,24,1,3,0,3,0.666666667,0.975404595,1,1,9,0,9,0.8,1,1,3,6462.652778,20865.78168,0.166666667,0.224879331,2,3,0.166666667,0.104166667,12,0,12,0.666666667,0,0.666666667,0.757716049,0.529411765,0.487121125,ITK,0,0,0,0,0,0,0,0,0,0,0,0,0
Modules/Filtering/ImageGradient/include,0,583,0.23670669,7,233,1,5,0,5,0.285714286,0.943780294,1,1,9,0,9,0.571428571,1,1,1,224.3981402,962.4681838,0.004622283,0.010229365,2,4,0.142857143,0.142857143,13,0,13,0.538461538,0,0.666666667,0.677717946,0.333333333,0.299329541,ITK,0,0,0,0,0,0,0,0,0,0,0,0,0
Modules/Filtering/ImageGrid/include,0,1958,0.287538304,7,51,1,5,0,5,0.285714286,0.99018076,1,1,7,0,7,0.857142857,0,1,2,239.988604,4825.836627,0.008547009,0.150570042,1,5,0.142857143,0.173913043,18,10,8,0.52,0,0.52,0.587320301,0.333333333,0.337327629,ITK,0,0,0,0,0,0,0,0,0,0,0,0,0
Modules/Filtering/ImageIntensity/include,2,4283,0.235349054,15,778,2,9,0,9,0.2,0.992329878,1,1,9,0,9,0.5,1,1,5,599.3893082,9558.828275,0.038187702,0.171384312,2,11,0.066666667,0.081481481,21,6,15,0.555555556,0,0.555555556,0.588188407,0.388888889,0.38699301,ITK,0,0,0,0,0,0,0,0,0,0,0,0,0
Modules/Filtering/ImageLabel/include,0,237,0.227848102,3,5,0,2,0,2,0.666666667,0.978783164,1,1,3,0,3,1,1,1,1,270.0786164,181.399721,0.009433962,0.006553021,5,6,0,0.041666667,11,0,11,0.625,0,0.645833333,0.708333333,0.3,0.260848389,ITK,0,0,0,0,0,0,0,0,0,0,0,0,0
Modules/Filtering/ImageSources/include,0,329,0.449848024,4,889,0,3,0,3,0.5,0.96957035,1,1,4,0,4,0.75,0,3,2,12.6565827,822.4221073,0.006061399,0.128228484,0,0,0,0,6,0,6,0.75,1,1,0.9375,0.541666667,0.508333333,ITK,0,0,0,0,0,0,0,0,0,0,0,0,0
Modules/Filtering/ImageStatistics/include,0,1269,0.204097715,6,44,1,5,0,5,0.333333333,0.982615974,1,1,6,0,6,0.5,1,2,2,134.2879274,245.7953638,0.009696186,0.039708413,0,2,0.166666667,0.192307692,15,0,15,0.5625,0,0.75,0.771698162,0.314144737,0.312287714,ITK,0,0,0,0,0,0,0,0,0,0,0,0,0
Modules/Filtering/LabelMap/include,4,5665,0.258252427,7,94,1,4,0,4,0.285714286,0.983627719,1,1,6,0,6,0.6,1,1,2,134.2879274,143.212503,0.008918662,0.01111536,2,2,0.285714286,0.166666667,12,3,9,0.5,0,0.5,0.578128172,0.404545455,0.373764933,ITK,0,0,0,0,0,0,0,0,0,0,0,0,0
Modules/Filtering/MathematicalMorphology/include,1,2778,0.215982721,6,102,0,3,0,3,0.5,0.97748379,1,1,6,0,6,0.75,2,2,2,36.52870109,61.24262026,0.001397574,0.002901088,5,8,0,0.097222222,14,0,14,0.421052632,0,0.421052632,0.565674054,0.315789474,0.298602479,ITK,0,0,0,0,0,0,0,0,0,0,0,0,0
Modules/Filtering/Path/include,1,1041,0.197886648,8,188,0,4,0,4,0.625,0.979428382,1,1,7,0,7,0.666666667,0,3,2,36.52870109,1964.734851,0.005203685,0.014182227,1,2,0.125,0.227272727,14,0,14,0.583333333,0,1,0.838944988,0.333333333,0.361403509,ITK,0,0,0,0,0,0,0,0,0,0,0,0,0
Modules/Filtering/QuadEdgeMeshFiltering/include,0,1856,0.151400862,10,391,5,4,0,4,0.4,0.979506808,1,1,7,0,7,0.714285714,0,2,3,262.9006527,396.1133691,0.024716981,0.051500758,3,7,0.2,0.2,12,0,12,0.888888889,1,0.888888889,0.872444249,0.688888889,0.606834401,ITK,0,0,0,0,0,0,0,0,0,0,0,0,0
Modules/Filtering/Smoothing/include,0,337,0.278931751,5,33,1,2,0,2,0.8,1,1,1,5,0,5,0.666666667,1,1,1,5290.42517,51233.49512,0.020408163,0.130543715,5,5,0,0.025,10,0,10,0.5,1,0.628682171,0.604069767,0.316666667,0.308914729,ITK,0,0,0,0,0,0,0,0,0,0,0,0,0
Modules/Filtering/SpatialFunction/include,0,34,0.205882355,1,1,0,1,0,1,1,1,1,1,3,0,3,1,0,1,1,4.04193038,4.04193038,0.000791139,0.000791139,0,0,0,0,4,0,4,1,1,1,1,0.333333333,0.333333333,ITK,0,0,0,0,0,0,0,0,0,0,0,0,0
Modules/Filtering/Thresholding/include,0,1554,0.25032175,10,372,1,6,0,6,0.4,0.991260344,1,1,8,0,8,0.714285714,1,1,4,257.9259259,242.7134985,0.035714286,0.031797427,1,4,0.1,0.066666667,13,0,13,0.571428571,0,0.666666667,0.719551856,0.366666667,0.372063618,ITK,0,0,0,0,0,0,0,0,0,0,0,0,0
Modules/IO/BioRad/include,0,54,0.185185187,2,3,0,2,0,2,0.5,1,1,1,3,0,3,1,2,2,2,2.805447948,2.805447948,0.009016259,0.009016259,0,0,0,0,6,0,6,0.666666667,1,1,0.888888889,0.125,0.186111111,ITK,2,0,0,0,0,0,0,1,0,0,0,0,0
Modules/IO/BMP/include,0,65,0.13846154,3,5,0,3,0,3,0.333333333,1,1,1,3,0,3,1,2,3,2,4.04193038,7.046455808,0.010989011,0.009673843,0,0,0,0,7,0,7,0.5,1,1,0.916666667,0.1625,0.189583333,ITK,2,0,0,0,0,0,0,0,0,1,0,0,0
Modules/IO/CSV/include,2,190,0.384210527,0,0,0,0,0,0,0,0,0,0,0,0,0,0,0,0,0,0,0,0,0,2,2,0,0,6,0,6,0.666666667,0,0.666666667,0.555555556,0.666666667,0.555555556,ITK,0,0,0,0,0,0,0,0,0,0,0,0,0
Modules/IO/DCMTK/include,0,488,0.163934426,2,852,1,2,0,2,0.5,1,1,1,3,0,3,0.5,0,0,0,181.2946899,181.2946899,0.125589623,0.125589623,0,0,0.25,0.25,5,0,5,1,1,1,1,1,1,ITK,3,0,0,0,0,0,0,0,0,0,1,0,0
Modules/IO/GDCM/include,0,200,0.375,2,9,0,2,0,2,0.5,1,1,1,3,0,3,1,1,2,2,2.805447948,2.805447948,0.009016259,0.009016259,0,0,0.25,0.25,14,0,14,0.555555556,0,0.666666667,0.691358025,0.333333333,0.349131496,ITK,3,0,0,1,0,0,0,0,0,0,0,0,0
Modules/IO/GE/include,0,1455,0.018556701,2,5,0,2,0,2,0.5,1,1,1,3,0,3,1,2,2,2,2.805447948,2.805447948,0.009016259,0.009016259,0,0,0,0,6,0,6,0.5,1,1,0.916666667,0.1875,0.202083333,ITK,7,0,0,0,0,0,0,3,0,0,0,0,0
Modules/IO/GIPL/include,0,57,0.157894738,2,3,0,2,0,2,0.5,1,1,1,3,0,3,1,1,2,1,9.785200954,9.785200954,0.005890075,0.005890075,1,1,0,0,7,0,7,0.666666667,0,1,1,0.2,0.211111111,ITK,2,0,0,0,0,0,0,0,0,1,0,0,0
Modules/IO/HDF5/include,0,104,0.086538462,0,0,0,0,0,0,0,0,0,0,0,0,0,0,0,0,0,0,0,0,0,3,3,0,0,9,0,9,1,1,1,1,1,1,ITK,2,0,0,0,0,0,0,0,0,0,1,0,0
Modules/IO/ImageBase/include,0,1138,0.270650264,6,36,1,4,0,4,0.333333333,0.984338129,1,1,5,0,5,1,1,3,2,120.5678072,985.0106566,0.014115195,0.050653488,0,0,0.166666667,0.166666667,8,0,8,0.75,0,0.888888889,0.868055556,0.460784314,0.442158288,ITK,5,0,0,1,1,0,0,1,0,1,1,1,0
Modules/IO/IPL/include,0,327,0.214067279,2,4,0,2,0,2,0.5,1,1,1,3,0,3,1,1,2,1,9.785200954,9.785200954,0.005890075,0.005890075,1,1,0,0,7,0,7,0.666666667,0,1,1,0.2,0.211111111,ITK,2,0,0,1,0,0,0,1,0,0,0,0,0
Modules/IO/JPEG/include,0,60,0.300000001,2,4,0,2,0,2,0.5,1,1,1,3,0,3,1,1,2,2,2.805447948,2.805447948,0.009016259,0.009016259,0,0,0,0,6,0,6,0.666666667,1,1,0.888888889,0.125,0.186111111,ITK,2,0,0,1,0,0,0,0,0,0,0,0,0
Modules/IO/LSM/include,0,52,0.192307694,2,3,0,2,0,2,0.5,1,1,1,3,0,3,1,1,2,2,2.805447948,2.805447948,0.009016259,0.009016259,0,0,0,0,6,0,6,0.666666667,1,1,0.888888889,0.125,0.186111111,ITK,2,0,0,0,0,0,0,1,0,1,0,0,0
Modules/IO/Mesh/include,0,2430,1.009465021,5,17,2,4,0,4,0.4,1,1,1,5,0,5,0.666666667,1,2,2,114.8245366,953.6795097,0.080049261,0.102722415,0,0,0.4,0.36,11,0,11,0.777777778,0,0.777777778,0.785292539,0.75,0.575874377,ITK,15,0,1,1,0,0,0,1,0,4,3,1,0
Modules/IO/Meta/include,0,345,0.269565218,3,6,0,2,0,2,0.666666667,1,1,1,3,0,3,1,2,2,2,2.805447948,2.805447948,0.009016259,0.009016259,0,0,0,0,6,0,6,0.666666667,1,1,0.888888889,0.125,0.186111111,ITK,2,0,0,1,0,0,0,0,0,1,0,0,0
Modules/IO/NIFTI/include,0,67,0.208955225,1,2,0,1,0,1,1,1,1,1,3,0,3,1,1,1,1,4.04193038,4.04193038,0.000791139,0.000791139,1,1,0,0.333333333,8,0,8,0.666666667,1,1,0.916666667,0.333333333,0.283333333,ITK,2,0,0,1,0,0,0,1,0,0,1,0,0
Modules/IO/NRRD/include,0,54,0.166666668,2,2,0,2,0,2,0.5,1,1,1,5,0,5,1,2,1,1,16959.22097,16959.22097,0.50039557,0.50039557,1,1,0.25,0.25,9,0,9,0.75,0,0.916666667,0.895833333,0.375,0.4,ITK,1,0,0,0,0,0,0,0,0,0,0,0,0
Modules/IO/PhilipsREC/include,0,214,0.08411215,3,5,0,2,0,2,0.666666667,0.973214633,1,1,4,0,4,1,0,2,2,15.52847153,93.64568952,0.010989011,0.03726005,0,0,0,0,6,0,6,1,0,1,1,0.333333333,0.311111111,ITK,4,0,1,2,0,0,0,2,0,1,2,0,0
Modules/IO/PNG/include,0,57,0.245614036,2,4,0,2,0,2,0.5,1,1,1,3,0,3,1,2,2,2,2.805447948,2.805447948,0.009016259,0.009016259,0,0,0,0,6,0,6,0.666666667,1,1,0.888888889,0.125,0.186111111,ITK,2,0,0,0,0,0,0,0,0,0,1,0,0
Modules/IO/RAW/include,0,82,0.30487805,1,1,0,1,0,1,1,1,1,1,3,0,3,1,1,1,1,4.04193038,4.04193038,0.000791139,0.000791139,0,0,0,0,4,0,4,1,1,1,1,0.333333333,0.333333333,ITK,0,0,0,0,0,0,0,0,0,0,0,0,0
Modules/IO/Siemens/include,0,342,0.02631579,2,13,0,2,0,2,0.5,1,1,1,3,0,3,1,1,2,2,2.805447948,2.805447948,0.009016259,0.009016259,0,0,0,0,6,0,6,0.666666667,1,1,0.888888889,0.125,0.186111111,ITK,2,0,0,0,0,0,0,1,0,0,0,0,0
Modules/IO/SpatialObjects/include,0,146,0.328767124,1,5,0,1,0,1,1,1,1,1,3,0,3,1,1,1,1,4.04193038,4.04193038,0.000791139,0.000791139,2,2,0,0,8,0,8,0.333333333,1,1,0.777777778,0.333333333,0.255555556,ITK,0,0,0,0,0,0,0,0,0,0,0,0,0
Modules/IO/Stimulate/include,0,68,0.191176472,2,3,0,2,0,2,0.5,1,1,1,3,0,3,1,2,2,2,2.805447948,2.805447948,0.009016259,0.009016259,0,0,0,0,6,0,6,0.666666667,1,1,0.888888889,0.125,0.186111111,ITK,1,0,0,0,0,0,0,0,0,0,0,0,0
Modules/IO/TIFF/include,2,101,0.168316833,3,13,0,3,0,3,0.333333333,0.983896562,1,1,5,0,5,0.5,1,2,2,4.04193038,847.4525497,0.017241379,0.029820363,0,0,0.333333333,0.25,11,0,11,0.5,0,0.666666667,0.698529412,0.291666667,0.302495155,ITK,2,0,1,1,0,0,0,1,0,2,1,0,0
Modules/IO/TransformBase/include,0,213,0.225352113,1,6,0,1,0,1,1,1,1,1,3,0,3,1,0,1,1,4.04193038,4.04193038,0.000791139,0.000791139,1,1,0,0.333333333,8,0,8,0.666666667,1,1,0.888888889,0.333333333,0.401129944,ITK,1,0,0,0,0,0,0,0,1,0,0,0,0
Modules/IO/TransformHDF5/include,0,66,0.136363638,2,3,1,2,0,2,0.5,1,1,1,8,0,8,1,1,1,1,1215.012037,1215.012037,0.06289557,0.06289557,0,0,0.5,0.333333333,10,0,10,1,0,1,1,0.4,0.466666667,ITK,1,0,0,0,0,0,0,0,0,0,0,0,0
Modules/IO/TransformInsightLegacy/include,0,52,0.173076925,2,3,1,2,0,2,0.5,1,1,1,8,0,8,1,1,1,1,1215.012037,1215.012037,0.06289557,0.06289557,0,0,0.5,0.333333333,10,0,10,1,0,1,1,0.4,0.466666667,ITK,1,0,0,0,0,0,0,0,0,0,0,0,0
Modules/IO/TransformMatlab/include,0,50,0.180000002,1,2,1,1,0,1,1,0,1,1,6,0,6,1,0,0,0,2425.982143,2425.982143,0.125,0.125,1,1,0,0,9,0,9,1,0,1,1,0.533333333,0.533333333,ITK,1,0,0,0,0,0,0,0,0,0,0,0,0
Modules/IO/VTK/include,0,73,0.150684933,3,4,0,2,0,2,0.666666667,1,1,1,3,0,3,1,2,2,2,2.805447948,2.805447948,0.009016259,0.009016259,0,0,0,0,6,0,6,0.666666667,1,1,0.888888889,0.125,0.186111111,ITK,1,0,0,0,0,0,0,0,0,0,0,0,0
Modules/IO/XML/include,0,475,0.227368421,5,1496,0,3,0,3,0.6,1,1,1,4,0,4,0.5,1,1,1,161.8108355,1439.139115,0.010812236,0.068033215,1,1,0.2,0.12,7,0,7,0.5,1,1,0.833333333,0.5,0.405555556,ITK,4,0,0,0,0,0,0,0,0,0,0,0,0
Modules/Nonunit/Review/include,0,5818,0.240976281,17,478,4,10,0,10,0.235294118,0.978711107,1,1,10,0,10,0.727272727,1,4,4,100.7047064,330.7332087,0.010989011,0.028739747,13,21,0.117647059,0.112825458,21,8,13,0.4,0,0.581168831,0.550396003,0.3,0.290679653,ITK,12,0,0,2,0,0,0,1,0,1,3,0,0
Modules/Numerics/Eigen/include,0,87,0.252873564,2,4,0,2,0,2,0.5,1,1,1,3,0,3,1,0,1,1,4.04193038,4.04193038,0.000791139,0.000791139,0,0,0.25,0.25,6,0,6,1,0,1,1,0.333333333,0.333333333,ITK,0,0,0,0,0,0,0,0,0,0,0,0,0
Modules/Numerics/FEM/include,0,3935,0.155273189,8,1033,0,5,0,5,0.25,0.994750797,1,1,6,0,6,0.666666667,1,2,2,72.80235319,102.3328409,0.00976801,0.11498488,3,3,0,0.107142857,13,0,13,0.4,0,0.571428571,0.675931495,0.333333333,0.289003322,ITK,12,0,2,0,0,0,0,0,6,0,1,0,0
Modules/Numerics/FEM/src,0,3642,0.227073037,0,0,0,0,0,0,0,0,0,0,0,0,0,0,0,0,0,0,0,0,0,0,0,0,0,0,0,0,0,0,0,0,0,0,ITK,0,0,0,0,0,0,0,0,0,0,0,0,0
Modules/Numerics/NarrowBand/include,0,234,0.196581197,2,6,0,2,0,2,0.5,1,1,1,3,0,3,1,0,1,1,4.04193038,4.04193038,0.000791139,0.000791139,3,3,0,0,8,0,8,0.75,1,0.75,0.8125,0.273643411,0.25620155,ITK,0,0,0,0,0,0,0,0,0,0,0,0,0
Modules/Numerics/NeuralNetworks/include,0,1443,0.275121275,4,13,0,2,0,2,0.5,0.986780532,1,1,4,0,4,1,1,2,2,15.52847153,93.64568952,0.010989011,0.03726005,0,0,0,0,7,0,7,0.75,0,1,0.8125,0.291666667,0.295833333,ITK,0,0,0,0,0,0,0,0,0,0,0,0,0
Modules/Numerics/Optimizers/include,0,1509,0.359840954,3,28,0,3,0,3,0.333333333,1,0.666666667,0.928571429,6,0,6,0.5,0,1,1,4.04193038,4.04193038,0.000791139,0.000791139,4,4,0.166666667,0.166666667,15,0,15,0.538461538,0,0.714285714,0.698688209,0.333333333,0.353902508,ITK,25,0,1,0,0,0,0,0,1,0,0,0,0
Modules/Numerics/Optimizersv4/include,0,1066,0.235459662,26,2251,1,9,6,3,0.461538462,0.986040947,1,1,11,0,11,0.666666667,2,2,5,164.6111111,5172.201552,0.045454545,0.104846662,4,5,0.038461538,0.087044534,11,0,11,0.684210526,0,0.684210526,0.669286914,0.610169492,0.560540355,ITK,6,0,0,0,0,0,0,0,0,0,0,0,0
Modules/Numerics/Polynomials/include,0,158,0.139240507,2,2,0,1,0,1,1,1,1,1,4,0,4,1,2,1,1,335.9121217,335.9121217,0.024205093,0.024205093,2,2,0,0,8,0,8,0.5,0,0.818181818,0.784090909,0.416666667,0.358333333,ITK,0,0,0,0,0,0,0,0,0,0,0,0,0
Modules/Numerics/Statistics/include,0,5552,0.207672911,10,1198,0,7,0,7,0.3,0.985203609,1,1,7,0,7,0.625,2,1,2,777.9856411,634.5527279,0.058258258,0.113063716,6,9,0.3,0.178787879,23,9,14,0.555555556,0,0.595348837,0.623749213,0.361111111,0.386683693,ITK,9,0,1,0,0,0,0,0,0,0,0,0,0
Modules/Registration/Common/include,0,3287,0.262549437,21,1277,2,9,4,5,0.238095238,0.977445904,1,1,11,0,11,0.6,4,2,2,150.3135038,2484.009045,0.011849262,0.082587662,6,9,0.238095238,0.157142857,23,9,14,0.680851064,0,0.680851064,0.710981482,0.4,0.447403959,ITK,0,0,0,0,0,0,0,0,0,0,0,0,0
Modules/Registration/FEM/include,0,725,0.264827586,4,222,0,3,0,3,0.5,1,1,1,5,0,5,1,1,1,2,127.1145833,190.627935,0.005319149,0.008981207,2,3,0.375,0.275,11,0,11,0.583333333,0,0.583333333,0.630482456,0.45,0.41039916,ITK,0,0,0,0,0,0,0,0,0,0,0,0,0
Modules/Registration/GPUCommon/include,0,99,0.161616162,3,231,1,3,0,3,0.333333333,1,1,1,5,0,5,0.5,0,1,1,104.5346045,104.5346045,0.00344435,0.00344435,0,0,0.166666667,0.166666667,6,0,6,1,0,1,1,0.416666667,0.416666667,ITK,0,0,0,0,0,0,0,0,0,0,0,0,0
Modules/Registration/GPUPDEDeformable/include,0,321,0.137071651,3,877,1,3,0,3,0.333333333,1,1,1,5,0,5,0.5,0,1,1,104.5346045,104.5346045,0.00344435,0.00344435,0,0,0.166666667,0.166666667,6,0,6,1,0,1,1,0.416666667,0.416666667,ITK,1,0,0,0,0,0,0,0,0,0,0,0,0
Modules/Registration/Metricsv4/include,1,2144,0.157649254,34,4288,0,11,6,5,0.529411765,0.979575978,1,1,11,4,7,0.52173913,7,1,6,270.4767158,1820.141323,0.024702381,0.08730097,3,6,0.058823529,0.06004902,17,5,12,0.551724138,0,0.551724138,0.587107221,0.551724138,0.472178727,ITK,0,0,0,0,0,0,0,0,0,0,0,0,0
Modules/Registration/PDEDeformable/include,1,743,0.201884253,2,8,0,2,0,2,0.5,1,1,1,5,0,5,0.5,0,1,1,130.9839282,130.9839282,0.007971327,0.007971327,1,1,0.5,0.333333333,8,0,8,0.75,0,0.75,0.726973684,0.4,0.381780303,ITK,0,0,0,0,0,0,0,0,0,0,0,0,0
Modules/Registration/RegistrationMethodsv4/include,2,411,0.343065694,17,1007,1,5,0,5,0.588235294,0.97922053,1,1,6,0,6,0.769230769,3,0,4,441.522855,1643.537704,0.020833333,0.041800221,0,1,0.176470588,0.235294118,8,0,8,0.823529412,1,0.823529412,0.789086426,0.815789474,0.64566986,ITK,0,0,0,0,0,0,0,0,0,0,0,0,0
Modules/Segmentation/BioCell/include,0,340,0.047058824,1,10,0,1,0,1,1,1,1,1,3,0,3,1,1,1,1,4.04193038,4.04193038,0.000791139,0.000791139,3,3,0,0,7,0,7,0.75,1,0.875,0.875,0.541666667,0.483333333,ITK,1,0,0,0,0,0,0,0,0,0,0,0,0
Modules/Segmentation/Classifiers/include,0,475,0.218947369,5,37,1,4,0,4,0.4,1,1,1,5,0,5,1,1,2,2,21.67727273,107329.469,0.009090909,0.054757302,2,4,0.1,0.16,13,0,13,0.428571429,0,0.522727273,0.593132708,0.263888889,0.248418803,ITK,0,0,0,0,0,0,0,0,0,0,0,0,0
Modules/Segmentation/ConnectedComponents/include,0,539,0.241187384,4,47,1,3,0,3,0.5,1,1,1,4,0,4,1,1,1,1,1993.361905,1573.767945,0.047619048,0.182803396,1,4,0.25,0.208333333,9,0,9,0.625,1,0.666666667,0.652462121,0.25,0.267393411,ITK,0,0,0,0,0,0,0,0,0,0,0,0,0
Modules/Segmentation/DeformableMesh/include,0,215,0.325581396,4,22,0,3,0,3,0.5,1,1,1,3,0,3,1,2,1,2,145.8779445,141.469109,0.009262436,0.007187493,0,0,0,0,6,0,6,0.666666667,0,0.666666667,0.737373737,0.108695652,0.161835749,ITK,1,0,0,0,0,0,0,0,0,0,0,0,0
Modules/Segmentation/KLMRegionGrowing/include,0,309,0.226537217,1,3,0,1,0,1,1,1,1,1,3,0,3,1,1,1,1,4.04193038,4.04193038,0.000791139,0.000791139,1,1,0,0,6,0,6,0.5,1,1,1,0.216666667,0.216666667,ITK,4,0,1,0,0,0,0,0,0,0,0,0,0
Modules/Segmentation/LabelVoting/include,3,376,0.316489362,4,323,0,4,0,4,0.25,1,1,1,4,0,4,0.666666667,1,1,2,140.8249782,17510.54797,0.006142899,0.253269234,2,2,0,0.1,12,0,12,0.571428571,0,0.571428571,0.616389093,0.333333333,0.36945929,ITK,0,0,0,0,0,0,0,0,0,0,0,0,0
Modules/Segmentation/LevelSets/include,0,3205,0.229953198,11,220,2,5,0,5,0.454545455,0.977686537,1,1,6,0,6,0.857142857,3,3,5,100.7047064,332.8756631,0.009433962,0.030611905,3,3,0,0.090909091,13,0,13,0.538461538,1,0.714285714,0.758015938,0.333333333,0.298933741,ITK,0,0,0,0,0,0,0,0,0,0,0,0,0
Modules/Segmentation/LevelSetsv4/include,0,3003,0.16949717,15,3379,0,5,0,5,0.533333333,0.98256247,1,1,6,0,6,0.6,1,3,4,410.0531971,3283.369676,0.014775669,0.081788094,0,1,0.2,0.130081301,12,6,6,0.956521739,1,0.956521739,0.943174658,0.956521739,0.865545241,ITK,0,0,0,0,0,0,0,0,0,0,0,0,0
Modules/Segmentation/LevelSetsv4Visualization/include,0,587,0.136286201,4,475,0,4,0,4,0.25,1,1,1,6,0,6,0.75,0,2,1,7.298264448,2339.526097,0.000791139,0.111553747,0,0,0.25,0.166666667,8,0,8,0.842105263,1,0.842105263,0.838010358,0.842105263,0.734184145,ITK,0,0,0,0,0,0,0,0,0,0,0,0,0
Modules/Segmentation/MarkovRandomFieldsClassifiers/include,0,261,0.30651341,1,3,0,1,0,1,1,1,1,1,3,0,3,1,0,1,1,4.04193038,4.04193038,0.000791139,0.000791139,1,1,0,0,9,0,9,0.5,1,0.397058824,0.511029412,0.238095238,0.279761905,ITK,0,0,0,0,0,0,0,0,0,0,0,0,0
Modules/Segmentation/RegionGrowing/include,0,321,0.352024922,2,20,0,2,0,2,0.5,1,1,1,5,0,5,1,0,1,2,2631.26541,2631.26541,0.033728903,0.033728903,1,1,0,0.166666667,8,0,8,0.666666667,0,0.75,0.805555556,0.333333333,0.416666667,ITK,0,0,0,0,0,0,0,0,0,0,0,0,0
Modules/Segmentation/SignedDistanceFunction/include,0,154,0.246753247,3,38,0,1,0,1,1,0.985774825,1,1,5,0,5,1,1,2,1,16.7351577,25.69977752,0.000791139,0.001066997,1,1,0,0.2,9,0,9,1,0,1,1,0.333333333,0.376664739,ITK,0,0,0,0,0,0,0,0,0,0,0,0,0
Modules/Segmentation/Voronoi/include,0,619,0.253634895,1,5,0,1,0,1,1,1,1,1,3,0,3,1,1,1,1,4.04193038,4.04193038,0.000791139,0.000791139,1,1,0,0,7,0,7,0.5,1,0.75,0.75,0.416666667,0.416666667,ITK,0,0,0,0,0,0,0,0,0,0,0,0,0
Modules/Segmentation/Watersheds/include,2,973,0.301130524,6,47,0,4,0,4,0.333333333,0.987541502,1,1,8,0,8,0.4,2,1,2,100.7047064,656.2523847,0.009090909,0.034161232,0,0,0.333333333,0.240740741,11,0,11,0.636363636,0,0.75,0.770661157,0.333333333,0.322829081,ITK,1,0,0,0,0,0,0,0,0,0,0,0,0
Modules/ThirdParty/DICOMParser/src/DICOMParser,0,899,0.071190211,1,8,0,1,0,1,1,0,1,1,0,0,0,0,0,0,0,0,0,0,0,0,0,0,0,0,0,0,0,0,0,0,0,0,ITK,9,0,1,2,0,0,0,0,2,0,0,0,0
Modules/ThirdParty/Expat/src/expat,0,7942,0.27083858,0,0,0,0,0,0,0,0,0,0,0,0,0,0,0,0,0,0,0,0,0,0,0,0,0,0,0,0,0,0,0,0,0,0,ITK,22,0,0,0,0,0,0,0,0,0,0,0,0
Modules/ThirdParty/GDCM/src/gdcm/Source/Common,0,997,0.184553661,0,0,0,0,0,0,0,0,0,0,0,0,0,0,0,0,0,0,0,0,0,0,0,0,0,0,0,0,0,0,0,0,0,0,ITK,0,0,0,0,0,0,0,0,0,0,0,0,0
Modules/ThirdParty/GDCM/src/gdcm/Source/DataDictionary,0,22198,0.266105055,0,0,0,0,0,0,0,0,0,0,0,0,0,0,0,0,0,0,0,0,0,0,0,0,0,0,0,0,0,0,0,0,0,0,ITK,5,0,0,0,0,0,0,2,0,0,0,0,0
Modules/ThirdParty/GDCM/src/gdcm/Source/DataStructureAndEncodingDefinition,0,3446,0.235635519,0,0,0,0,0,0,0,0,0,0,0,0,0,0,0,0,0,0,0,0,0,2,2,0,0,8,0,8,1,0,1,1,0.676470588,0.676470588,ITK,2,0,1,1,0,0,0,0,0,0,0,0,0
Modules/ThirdParty/GDCM/src/gdcm/Source/InformationObjectDefinition,0,1160,0.100862069,0,0,0,0,0,0,0,0,0,0,0,0,0,0,0,0,0,0,0,0,0,0,0,0,0,0,0,0,0,0,0,0,0,0,ITK,4,0,1,1,0,0,0,0,0,2,1,0,0
Modules/ThirdParty/GDCM/src/gdcm/Source/MediaStorageAndFileFormat,0,2107,0.112007594,0,0,0,0,0,0,0,0,0,0,0,0,0,0,0,0,0,0,0,0,0,1,1,0,0,3,0,3,1,1,1,1,1,1,ITK,25,0,0,8,0,0,0,2,0,2,4,0,0
Modules/ThirdParty/GDCM/src/gdcm/Utilities,0,10,0,0,0,0,0,0,0,0,0,0,0,0,0,0,0,0,0,0,0,0,0,0,0,0,0,0,0,0,0,0,0,0,0,0,0,ITK,0,0,0,0,0,0,0,0,0,0,0,0,0
Modules/ThirdParty/GDCM/src/gdcm/Utilities/C99,0,30,0,0,0,0,0,0,0,0,0,0,0,0,0,0,0,0,0,0,0,0,0,0,0,0,0,0,0,0,0,0,0,0,0,0,0,ITK,0,0,0,0,0,0,0,0,0,0,0,0,0
Modules/ThirdParty/GDCM/src/gdcm/Utilities/gdcmcharls,0,2462,0.188464663,2,4,1,2,0,2,0.5,1,1,1,4,0,4,1,0,0,1,5154.62963,5154.62963,0.257575758,0.257575758,0,0,0.25,0.25,5,0,5,1,0,1,1,0.7,0.7,ITK,6,0,0,0,0,0,0,2,0,0,0,0,0
Modules/ThirdParty/GDCM/src/gdcm/Utilities/gdcmjpeg,0,7784,0.156988695,0,0,0,0,0,0,0,0,0,0,0,0,0,0,0,0,0,0,0,0,0,1,1,0,0,6,0,6,1,1,1,1,0.666666667,0.666666667,ITK,10,0,0,0,0,0,0,0,0,0,0,0,0
Modules/ThirdParty/GDCM/src/gdcm/Utilities/gdcmuuid,0,304,0.180921053,0,0,0,0,0,0,0,0,0,0,0,0,0,0,0,0,0,0,0,0,0,0,0,0,0,0,0,0,0,0,0,0,0,0,ITK,1,0,0,0,0,0,0,0,0,0,0,0,0
Modules/ThirdParty/GDCM/src/gdcm/Wrapping/Python,0,678,0.005899705,0,0,0,0,0,0,0,0,0,0,0,0,0,0,0,0,0,0,0,0,0,0,0,0,0,0,0,0,0,0,0,0,0,0,ITK,0,0,0,0,0,0,0,0,0,0,0,0,0
Modules/ThirdParty/GIFTI/src/gifticlib,0,7810,0.278233035,0,0,0,0,0,0,0,0,0,0,0,0,0,0,0,0,0,0,0,0,0,0,0,0,0,0,0,0,0,0,0,0,0,0,ITK,9,0,0,0,0,0,0,0,0,0,0,0,0
Modules/ThirdParty/HDF5/src/itkhdf5/c++/src,0,411,0.177615572,2,11,1,1,0,1,1,0,0.5,0.181818182,3,0,3,1,0,0,0,18878.07143,18878.07143,0.5,0.5,0,0,0,0,4,0,4,1,1,1,1,1,1,ITK,1,0,0,0,0,0,0,0,0,0,0,0,0
Modules/ThirdParty/JPEG/src/itkjpeg,0,19867,0.138823174,0,0,0,0,0,0,0,0,0,0,0,0,0,0,0,0,0,0,0,0,0,0,0,0,0,0,0,0,0,0,0,0,0,0,ITK,37,0,0,0,0,0,0,0,0,0,0,0,0
Modules/ThirdParty/KWSys/src/KWSys,0,5341,0.18161393,1,54,0,1,0,1,1,0,0,0,0,0,0,0,0,0,0,0,0,0,0,0,0,0,0,0,0,0,0,0,0,0,0,0,ITK,17,0,0,0,0,0,0,0,0,0,0,0,0
Modules/ThirdParty/MetaIO/src/MetaIO,0,2276,0.067223199,3,22,1,2,0,2,0.666666667,1,0,0,0,0,0,0,0,0,0,0,0,0,0,0,0,0,0,0,0,0,0,0,0,0,0,0,ITK,40,0,0,17,0,0,0,1,0,8,2,4,0
Modules/ThirdParty/NIFTI/src/nifti/fsliolib,0,1788,0.243847875,0,0,0,0,0,0,0,0,0,0,0,0,0,0,0,0,0,0,0,0,0,1,1,0,0,2,0,2,1,1,1,1,1,1,ITK,5,0,0,0,0,0,0,0,0,0,0,0,0
Modules/ThirdParty/NIFTI/src/nifti/nifticdf,0,5466,0.183132089,0,0,0,0,0,0,0,0,0,0,0,0,0,0,0,0,0,0,0,0,0,0,0,0,0,0,0,0,0,0,0,0,0,0,ITK,0,0,0,0,0,0,0,0,0,0,0,0,0
Modules/ThirdParty/NIFTI/src/nifti/niftilib,0,4837,0.248914617,0,0,0,0,0,0,0,0,0,0,0,0,0,0,0,0,0,0,0,0,0,1,1,0,0,2,0,2,1,1,1,1,1,1,ITK,5,0,0,0,0,0,0,0,0,0,0,0,0
Modules/ThirdParty/NIFTI/src/nifti/utils,0,3507,0.244938694,0,0,0,0,0,0,0,0,0,0,0,0,0,0,0,0,0,0,0,0,0,1,1,0,0,2,0,2,1,1,1,1,1,1,ITK,2,0,0,0,0,0,0,0,0,0,0,0,0
Modules/ThirdParty/NIFTI/src/nifti/znzlib,0,124,0.258064517,0,0,0,0,0,0,0,0,0,0,0,0,0,0,0,0,0,0,0,0,0,1,1,0,0,6,0,6,1,1,1,1,0.666666667,0.666666667,ITK,0,0,0,0,0,0,0,0,0,0,0,0,0
Modules/ThirdParty/NrrdIO/src/NrrdIO,0,10573,0.202875248,7,7869,1,4,0,4,0.571428571,0.992205817,1,1,6,0,6,1,4,2,1,1121.802083,1270.251276,0.042174797,0.056867647,1,1,0,0,10,0,10,0.833333333,0,0.833333333,0.861111111,0.833333333,0.791666667,ITK,0,0,0,0,0,0,0,0,0,0,0,0,0
Modules/ThirdParty/OpenJPEG/src/openjpeg,2,17444,0.151226783,0,0,0,0,0,0,0,0,0,0,0,0,0,0,0,0,0,0,0,0,0,1,1,0,0,10,0,10,0.8,0,0.8,0.84,0.8,0.773333333,ITK,55,0,0,0,0,0,0,0,0,0,0,0,0
Modules/ThirdParty/PNG/src/itkpng,0,13660,0.160322108,0,0,0,0,0,0,0,0,0,0,0,0,0,0,0,0,0,0,0,0,0,0,0,0,0,0,0,0,0,0,0,0,0,0,ITK,11,0,0,0,0,0,0,0,0,0,0,0,0
Modules/ThirdParty/TIFF/src/itktiff,2,20817,0.18508911,4,1516,1,3,0,3,0.5,1,1,1,5,0,5,1,0,0,1,2262.390787,8901.994131,0.27173913,0.261076006,4,4,0,0,10,0,10,0.888888889,0,0.888888889,0.864197531,0.888888889,0.864197531,ITK,23,0,0,0,0,0,0,0,0,0,0,0,0
Modules/ThirdParty/VNL/src/vxl/core/vnl,0,6201,0.31301403,3,343,0,3,0,3,0.333333333,1,1,1,4,0,4,0.666666667,0,0,0,395.7293956,911.4854557,0.007042254,0.009572063,0,0,0.333333333,0.333333333,8,0,8,0.857142857,0,0.857142857,0.857142857,0.857142857,0.712605042,ITK,5,0,1,0,0,0,0,0,1,0,2,1,0
Modules/ThirdParty/VNL/src/vxl/core/vnl/algo,0,1101,0.157129882,1,2,0,1,0,1,1,1,1,1,2,0,2,1,0,0,0,2179.46743,2179.46743,0.007042254,0.007042254,0,0,0,0,3,0,3,1,1,1,1,0.588235294,0.588235294,ITK,11,0,0,0,0,0,0,2,2,2,3,0,0
Modules/ThirdParty/VNL/src/vxl/core/vnl/io,0,78,0.051282052,0,0,0,0,0,0,0,0,0,0,0,0,0,0,0,0,0,0,0,0,0,0,0,0,0,0,0,0,0,0,0,0,0,0,ITK,0,0,0,0,0,0,0,0,0,0,0,0,0
Modules/ThirdParty/VNL/src/vxl/core/vnl/xio,0,12,0,0,0,0,0,0,0,0,0,0,0,0,0,0,0,0,0,0,0,0,0,0,0,0,0,0,0,0,0,0,0,0,0,0,0,ITK,0,0,0,0,0,0,0,0,0,0,0,0,0
Modules/ThirdParty/VNL/src/vxl/v3p/netlib,0,154,0.012987014,0,0,0,0,0,0,0,0,0,0,0,0,0,0,0,0,0,0,0,0,0,1,1,0,0,5,0,5,1,1,1,1,1,1,ITK,2,0,0,0,0,0,0,0,0,0,0,0,0
Modules/ThirdParty/VNL/src/vxl/v3p/netlib/blas,0,6352,0.175220403,0,0,0,0,0,0,0,0,0,0,0,0,0,0,0,0,0,0,0,0,0,0,0,0,0,0,0,0,0,0,0,0,0,0,ITK,0,0,0,0,0,0,0,0,0,0,0,0,0
Modules/ThirdParty/VNL/src/vxl/v3p/netlib/datapac,0,320,0.11875,0,0,0,0,0,0,0,0,0,0,0,0,0,0,0,0,0,0,0,0,0,0,0,0,0,0,0,0,0,0,0,0,0,0,ITK,0,0,0,0,0,0,0,0,0,0,0,0,0
Modules/ThirdParty/VNL/src/vxl/v3p/netlib/eispack,0,2253,0.17310253,0,0,0,0,0,0,0,0,0,0,0,0,0,0,0,0,0,0,0,0,0,0,0,0,0,0,0,0,0,0,0,0,0,0,ITK,0,0,0,0,0,0,0,0,0,0,0,0,0
Modules/ThirdParty/VNL/src/vxl/v3p/netlib/lapack/complex16,0,6279,0.13473483,0,0,0,0,0,0,0,0,0,0,0,0,0,0,0,0,0,0,0,0,0,0,0,0,0,0,0,0,0,0,0,0,0,0,ITK,0,0,0,0,0,0,0,0,0,0,0,0,0
Modules/ThirdParty/VNL/src/vxl/v3p/netlib/lapack/double,0,8727,0.181620259,0,0,0,0,0,0,0,0,0,0,0,0,0,0,0,0,0,0,0,0,0,0,0,0,0,0,0,0,0,0,0,0,0,0,ITK,0,0,0,0,0,0,0,0,0,0,0,0,0
Modules/ThirdParty/VNL/src/vxl/v3p/netlib/lapack/single,0,2122,0.205937795,0,0,0,0,0,0,0,0,0,0,0,0,0,0,0,0,0,0,0,0,0,0,0,0,0,0,0,0,0,0,0,0,0,0,ITK,0,0,0,0,0,0,0,0,0,0,0,0,0
Modules/ThirdParty/VNL/src/vxl/v3p/netlib/lapack/util,0,567,0.266313933,0,0,0,0,0,0,0,0,0,0,0,0,0,0,0,0,0,0,0,0,0,0,0,0,0,0,0,0,0,0,0,0,0,0,ITK,0,0,0,0,0,0,0,0,0,0,0,0,0
Modules/ThirdParty/VNL/src/vxl/v3p/netlib/laso,0,1970,0.150253807,0,0,0,0,0,0,0,0,0,0,0,0,0,0,0,0,0,0,0,0,0,0,0,0,0,2,0,2,1,1,1,1,1,1,ITK,0,0,0,0,0,0,0,0,0,0,0,0,0
Modules/ThirdParty/VNL/src/vxl/v3p/netlib/libf2c,0,3717,0.274145817,0,0,0,0,0,0,0,0,0,0,0,0,0,0,0,0,0,0,0,0,0,1,1,0,0,2,0,2,1,1,1,1,1,1,ITK,2,0,0,0,0,0,0,0,0,0,0,0,0
Modules/ThirdParty/VNL/src/vxl/v3p/netlib/linalg,0,52,0,0,0,0,0,0,0,0,0,0,0,0,0,0,0,0,0,0,0,0,0,0,0,0,0,0,0,0,0,0,0,0,0,0,0,ITK,0,0,0,0,0,0,0,0,0,0,0,0,0
Modules/ThirdParty/VNL/src/vxl/v3p/netlib/linpack,0,4618,0.164356864,0,0,0,0,0,0,0,0,0,0,0,0,0,0,0,0,0,0,0,0,0,0,0,0,0,0,0,0,0,0,0,0,0,0,ITK,0,0,0,0,0,0,0,0,0,0,0,0,0
Modules/ThirdParty/VNL/src/vxl/v3p/netlib/mathews,0,287,0.097560976,0,0,0,0,0,0,0,0,0,0,0,0,0,0,0,0,0,0,0,0,0,0,0,0,0,0,0,0,0,0,0,0,0,0,ITK,0,0,0,0,0,0,0,0,0,0,0,0,0
Modules/ThirdParty/VNL/src/vxl/v3p/netlib/minpack,0,1432,0.161312849,0,0,0,0,0,0,0,0,0,0,0,0,0,0,0,0,0,0,0,0,0,0,0,0,0,0,0,0,0,0,0,0,0,0,ITK,0,0,0,0,0,0,0,0,0,0,0,0,0
Modules/ThirdParty/VNL/src/vxl/v3p/netlib/napack,0,897,0.158305463,0,0,0,0,0,0,0,0,0,0,0,0,0,0,0,0,0,0,0,0,0,0,0,0,0,0,0,0,0,0,0,0,0,0,ITK,0,0,0,0,0,0,0,0,0,0,0,0,0
Modules/ThirdParty/VNL/src/vxl/v3p/netlib/opt,0,3522,0.162691652,2,3127,0,2,0,2,0.5,0,1,1,1,0,1,1,1,1,0,18.17854396,18.17854396,0.008227648,0.008227648,0,0,0,0,3,0,3,0.5,1,0.5,0.5,0.5,0.5,ITK,1,0,0,0,0,0,0,0,0,0,0,0,0
Modules/ThirdParty/VNL/src/vxl/v3p/netlib/sparse,0,2902,0.241557547,0,0,0,0,0,0,0,0,0,0,0,0,0,0,0,0,0,0,0,0,0,1,1,0,0,2,0,2,1,1,1,1,1,1,ITK,4,0,0,0,0,0,0,0,0,0,0,0,0
Modules/ThirdParty/VNL/src/vxl/v3p/netlib/temperton,0,4960,0.110483871,0,0,0,0,0,0,0,0,0,0,0,0,0,0,0,0,0,0,0,0,0,0,0,0,0,0,0,0,0,0,0,0,0,0,ITK,0,0,0,0,0,0,0,0,0,0,0,0,0
Modules/ThirdParty/VNL/src/vxl/vcl,0,10,0.400000006,0,0,0,0,0,0,0,0,0,0,0,0,0,0,0,0,0,0,0,0,0,1,1,0,0,2,0,2,1,1,1,1,0.4,0.4,ITK,0,0,0,0,0,0,0,0,0,0,0,0,0
Modules/ThirdParty/VNL/src/vxl/vcl/borland55,0,52,0.76923077,0,0,0,0,0,0,0,0,0,0,0,0,0,0,0,0,0,0,0,0,0,0,0,0,0,0,0,0,0,0,0,0,0,0,ITK,0,0,0,0,0,0,0,0,0,0,0,0,0
Modules/ThirdParty/VNL/src/vxl/vcl/borland56,0,17,0,0,0,0,0,0,0,0,0,0,0,0,0,0,0,0,0,0,0,0,0,0,0,0,0,0,0,0,0,0,0,0,0,0,0,ITK,0,0,0,0,0,0,0,0,0,0,0,0,0
Modules/ThirdParty/VNL/src/vxl/vcl/config.stlport.win32-vc60,0,13,0,0,0,0,0,0,0,0,0,0,0,0,0,0,0,0,0,0,0,0,0,0,0,0,0,0,0,0,0,0,0,0,0,0,0,ITK,0,0,0,0,0,0,0,0,0,0,0,0,0
Modules/ThirdParty/VNL/src/vxl/vcl/config.win32,0,4,0,0,0,0,0,0,0,0,0,0,0,0,0,0,0,0,0,0,0,0,0,0,0,0,0,0,0,0,0,0,0,0,0,0,0,ITK,0,0,0,0,0,0,0,0,0,0,0,0,0
Modules/ThirdParty/VNL/src/vxl/vcl/config.win32/vc60,0,13,0,0,0,0,0,0,0,0,0,0,0,0,0,0,0,0,0,0,0,0,0,0,0,0,0,0,0,0,0,0,0,0,0,0,0,ITK,0,0,0,0,0,0,0,0,0,0,0,0,0
Modules/ThirdParty/VNL/src/vxl/vcl/config.win32/vc70,0,16,0,0,0,0,0,0,0,0,0,0,0,0,0,0,0,0,0,0,0,0,0,0,0,0,0,0,0,0,0,0,0,0,0,0,0,ITK,0,0,0,0,0,0,0,0,0,0,0,0,0
Modules/ThirdParty/VNL/src/vxl/vcl/emulation,0,9443,0.242507678,0,0,0,0,0,0,0,0,0,0,0,0,0,0,0,0,0,0,0,0,0,0,0,0,0,0,0,0,0,0,0,0,0,0,ITK,0,0,0,0,0,0,0,0,0,0,0,0,0
Modules/ThirdParty/VNL/src/vxl/vcl/gcc-295,0,55,0.654545455,0,0,0,0,0,0,0,0,0,0,0,0,0,0,0,0,0,0,0,0,0,0,0,0,0,0,0,0,0,0,0,0,0,0,ITK,0,0,0,0,0,0,0,0,0,0,0,0,0
Modules/ThirdParty/VNL/src/vxl/vcl/internal,0,177,0.158192091,0,0,0,0,0,0,0,0,0,0,0,0,0,0,0,0,0,0,0,0,0,0,0,0,0,0,0,0,0,0,0,0,0,0,ITK,0,0,0,0,0,0,0,0,0,0,0,0,0
Modules/ThirdParty/VNL/src/vxl/vcl/mwerks,0,49,1.020408163,0,0,0,0,0,0,0,0,0,0,0,0,0,0,0,0,0,0,0,0,0,0,0,0,0,0,0,0,0,0,0,0,0,0,ITK,0,0,0,0,0,0,0,0,0,0,0,0,0
Modules/ThirdParty/VNL/src/vxl/vcl/sgi,0,55,0.50909091,0,0,0,0,0,0,0,0,0,0,0,0,0,0,0,0,0,0,0,0,0,0,0,0,0,0,0,0,0,0,0,0,0,0,ITK,0,0,0,0,0,0,0,0,0,0,0,0,0
Modules/ThirdParty/VNL/src/vxl/vcl/sunpro,0,48,0.583333334,0,0,0,0,0,0,0,0,0,0,0,0,0,0,0,0,0,0,0,0,0,0,0,0,0,0,0,0,0,0,0,0,0,0,ITK,0,0,0,0,0,0,0,0,0,0,0,0,0
Modules/ThirdParty/VNL/src/vxl/vcl/win32-vc60,0,160,0.85,0,0,0,0,0,0,0,0,0,0,0,0,0,0,0,0,0,0,0,0,0,0,0,0,0,0,0,0,0,0,0,0,0,0,ITK,0,0,0,0,0,0,0,0,0,0,0,0,0
Modules/ThirdParty/VNL/src/vxl/vcl/win32-vc70,0,109,1.04587156,0,0,0,0,0,0,0,0,0,0,0,0,0,0,0,0,0,0,0,0,0,0,0,0,0,0,0,0,0,0,0,0,0,0,ITK,0,0,0,0,0,0,0,0,0,0,0,0,0
Modules/ThirdParty/VNL/src/vxl/vcl/win32-vc8,0,8,1.374999995,0,0,0,0,0,0,0,0,0,0,0,0,0,0,0,0,0,0,0,0,0,0,0,0,0,0,0,0,0,0,0,0,0,0,ITK,0,0,0,0,0,0,0,0,0,0,0,0,0
Modules/ThirdParty/VNLInstantiation/include,0,1,2.9999998,0,0,0,0,0,0,0,0,0,0,0,0,0,0,0,0,0,0,0,0,0,0,0,0,0,0,0,0,0,0,0,0,0,0,ITK,0,0,0,0,0,0,0,0,0,0,0,0,0
Modules/ThirdParty/ZLIB/src/itkzlib,0,4181,0.235350395,0,0,0,0,0,0,0,0,0,0,0,0,0,0,0,0,0,0,0,0,0,0,0,0,0,0,0,0,0,0,0,0,0,0,ITK,7,0,0,0,0,0,0,0,0,0,0,0,0
Modules/Video/BridgeOpenCV/include,1,274,0.124087592,5,150,0,3,0,3,0.4,1,1,1,3,0,3,1,2,1,2,56.32224449,51.60055829,0.002004008,0.014820605,0,0,0,0.16,7,0,7,0.571428571,0,0.7,0.708843537,0.428571429,0.40952381,ITK,1,0,0,0,0,0,0,0,0,0,0,0,0
Modules/Video/BridgeVXL/include,0,122,0.114754099,3,8,0,2,0,2,0.666666667,1,1,1,3,0,3,1,1,1,2,56.32224449,51.60055829,0.002004008,0.014820605,0,0,0,0,5,0,5,0.666666667,1,1,0.777777778,0.333333333,0.288888889,ITK,1,0,0,0,0,0,0,0,0,0,0,0,0
Modules/Video/Core/include,0,416,0.161057693,4,18,0,3,0,3,0.5,0.980974737,1,1,3,0,3,1,2,2,2,35.92535801,42.5825366,0.00649651,0.013862706,3,3,0,0.166666667,12,0,12,0.7,0,0.85,0.793333333,0.416666667,0.426212625,ITK,1,0,0,0,1,0,0,0,2,1,0,0,0
Modules/Video/Filtering/include,0,146,0.191780822,3,387,0,3,0,3,0.333333333,1,1,1,3,0,3,0.5,1,0,1,94.4375,164.6951138,0.00265252,0.015441065,0,0,0,0,6,0,6,0.333333333,1,0.333333333,0.555555556,0.333333333,0.288888889,ITK,0,0,0,0,0,0,0,0,0,0,0,0,0
Modules/Video/IO/include,0,261,0.214559387,3,18,0,2,0,2,0.666666667,0.978540439,1,1,3,0,3,1,2,1,2,56.32224449,51.60055829,0.002004008,0.014820605,2,3,0,0.066666667,9,0,9,0.666666667,0,0.85,0.755555556,0.380952381,0.422222222,ITK,2,0,0,0,0,0,0,0,0,0,0,0,0
Wrapping/ExternalProjects/ItkVtkGlue/src,0,94,0.159574469,2,99,0,2,0,2,0.5,1,1,1,3,0,3,1,1,1,1,4.04193038,4.04193038,0.000791139,0.000791139,0,0,0,0,7,0,7,0.666666667,0,1,0.888888889,0.333333333,0.31498708,ITK,0,0,0,0,0,0,0,0,0,0,0,0,0
Wrapping/ExternalProjects/PyBuffer,0,57,0,1,1,0,1,0,1,1,1,1,1,3,0,3,1,1,1,1,4.04193038,4.04193038,0.000791139,0.000791139,0,0,0,0,7,0,7,0.666666667,0,1,0.888888889,0.333333333,0.31498708,ITK,0,0,0,0,0,0,0,0,0,0,0,0,0
Wrapping/Generators/Java,0,11,0.272727279,0,0,0,0,0,0,0,0,0,0,0,0,0,0,0,0,0,0,0,0,0,0,0,0,0,1,0,1,1,1,1,1,0.111627907,0.111627907,ITK,0,0,0,0,0,0,0,0,0,0,0,0,0
Wrapping/Generators/Python/PyUtils,1,58,0.172413795,0,0,0,0,0,0,0,0,0,0,0,0,0,0,0,0,0,0,0,0,0,0,0,0,0,1,0,1,1,1,1,1,0.111627907,0.111627907,ITK,0,0,0,0,0,0,0,0,0,0,0,0,0
Wrapping/Generators/Tcl,1,63,0.174603176,0,0,0,0,0,0,0,0,0,0,0,0,0,0,0,0,0,0,0,0,0,0,0,0,0,1,0,1,1,1,1,1,0.111627907,0.111627907,ITK,0,0,0,0,0,0,0,0,0,0,0,0,0
